<doc>

<style name="anoni" color="Purple" />
<style name="Variables" color="Orange" />
<style name="Functions" color="Teal" /> 
<style name="comment" color="Gray" fontStyle="Italic" />

<rule style="comment">((\\%[^\n\r]*))</rule>
<rule style="Functions">(?!\%)\b\w*(?=\()</rule>
<rule style="anoni">^(?![ \t]*%)\s*'([^']*)'</rule>
<rule style="Variables">(?![ \t]*%)\b[A-Z][A-Za-z0-9_]*(?![A-Za-z0-9_])\b</rule>

<rule style="Functions">^(?!\%)\b(abolish|abolish_all_tables|abolish_module_tables|abolish_montonic_tables|abolish_nonincremental_tables|abolish_private_tables|abolish_private_tables|abolish_shared_tables|abolish_table_subgoals|abort|absolute_file_name|answer_count_restraint|access_file|acyclic_term|add_import_module|add_nb_set|append|apple_current_locale_identifier|apply|apropos|arg|assoc_to_list|assert|asserta|assertion|assertz|attach_console|attach_packs|attribute_goals|attr_unify_hook|attr_portray_hook|attvar|at_end_of_stream|at_halt|atom|atom_chars|atom_codes|atom_concat|atom_length|atom_number|atom_prefix|atom_string|atom_to_term|atomic|atomic_concat|atomic_list_concat|atomics_to_string|autoload|autoload_all|autoload_path|await|b_getval|b_set_dict|b_setval|bagof|between|blob|bounded_number|break|break_hook|byte_count|call|call_cleanup|call_dcg|call_delays|call_residue_vars|call_residual_program|call_shared_object_function|call_with_depth_limit|call_with_inference_limit|callable|cancel_halt|catch|char_code|char_conversion|char_type|character_count|chdir|chr_constraint|chr_show_store|chr_trace|chr_type|chr_notrace|chr_leash|chr_option|clause|clause_property|close|close_dde_conversation|close_shared_object|collation_key|comment_hook|compare|compile_aux_clauses|compile_predicates|compiling|compound|compound_name_arity|compound_name_arguments|code_type|consult|context_module|convert_time|copy_stream_data|copy_predicate_clauses|copy_term|copy_term_nat|create_prolog_flag|current_arithmetic_function|current_atom|current_blob|current_char_conversion|current_char_conversion|current_engine|current_flag|current_foreign_library|current_format_predicate|current_functor|current_input|current_key|current_locale|current_module|current_op|current_output|current_predicate|current_signal|current_stream|current_table|current_transaction|current_trie|cyclic_term|day_of_the_week|date_time_stamp|dcg_translate_rule|dde_current_connection|dde_current_service|dde_execute|dde_register_service|dde_request|dde_poke|dde_unregister_service|debug|debug_control_hook|debugging|default_module|del_attr|del_attrs|del_dict|delays_residual_program|delete_directory|delete_file|delete_import_module|det|deterministic|dif|directory_files|discontiguous|divmod|downcase_atom|duplicate_term|dwim_match|dwim_predicate|dynamic|edit|elif|else|empty_assoc|empty_nb_set|encoding|endif|engine_create|engine_destroy|engine_fetch|engine_next|engine_next_reified|engine_post|engine_self|engine_yield|ensure_loaded|erase|exception|exists_directory|exists_file|exists_source|expand_answer|expand_file_name|expand_file_search_path|expand_goal|expand_query|expand_term|expects_dialect|explain|export|fail|false|fast_term_serialized|fast_read|fast_write|current_prolog_flag|file_base_name|file_name_extension|file_search_path|find_chr_constraint|findall|findnsols|fill_buffer|flag|float|float_class|float_parts|flush_output|forall|format|format_time|format_predicate|term_attvars|term_variables|text_to_string|freeze|frozen|functor|garbage_collect|garbage_collect_atoms|garbage_collect_clauses|gen_assoc|gen_nb_set|gensym|get|get_assoc|get_attr|get_attrs|get_byte|get_char|get_code|get_dict|get_flag|get_single_char|get_string_code|get_time|get0|getenv|goal_expansion|ground|gdebug|gspy|gtrace|guitracer|gxref|halt|term_hash|help|help_hook|if|ignore|import|import_module|in_pce_thread|in_pce_thread_sync|include|initialization|initialize|instance|integer|interactor|is|is_absolute_file_name|is_assoc|is_async|is_dict|is_engine|is_list|is_most_general_term|is_object|is_stream|is_trie|is_thread|join_threads|keysort|known_licenses|last|leash|length|library_directory|license|line_count|line_position|list_debug_topics|list_to_assoc|list_to_set|list_strings|load_files|load_foreign_library|locale_create|locale_destroy|locale_property|locale_sort|make|make_directory|make_library_index|map_assoc|dict_create|dict_pairs|max_assoc|memberchk|message_hook|message_line_element|message_property|message_queue_create|message_queue_destroy|message_queue_property|message_queue_set|message_to_string|meta_predicate|min_assoc|module|module_property|module_transparent|msort|multifile|mutex_create|mutex_destroy|mutex_lock|mutex_property|mutex_statistics|mutex_trylock|mutex_unlock|mutex_unlock_all|name|nb_current|nb_delete|nb_getval|nb_link_dict|nb_linkarg|nb_linkval|nb_set_to_list|nb_set_dict|nb_setarg|nb_setval|nl|nodebug|noguitracer|nonground|nonvar|nonterminal|noprofile|noprotocol|normalize_space|nospy|nospyall|not|not_exists|notrace|nth_clause|nth_integer_root_and_remainder|number|number_chars|number_codes|number_string|numbervars|on_signal|once|op|open|open_dde_conversation|open_null_stream|open_resource|open_shared_object|open_source_hook|open_string|ord_list_to_assoc|parse_time|pce_dispatch|pce_call|peek_byte|peek_char|peek_code|peek_string|phrase|phrase_from_quasi_quotation|please|plus|portray|predicate_property|predsort|print|print_message|print_message_lines|profile|profile_count|profiler|prolog|prolog_alert_signal|prolog_choice_attribute|prolog_current_choice|prolog_current_frame|prolog_cut_to|prolog_edit:locate|prolog_edit:edit_source|prolog_edit:edit_command|prolog_edit:load|prolog_exception_hook|prolog_file_type|prolog_frame_attribute|prolog_ide|prolog_interrupt|prolog_list_goal|prolog_listen|prolog_load_context|prolog_load_file|prolog_skip_level|prolog_skip_frame|prolog_stack_property|prolog_to_os_filename|prolog_trace_interception|prolog_unlisten|project_attributes|prompt|prompt1|protocol|protocola|protocolling|public|put|put_assoc|put_attr|put_attrs|put_byte|put_char|put_code|put_code|put_dict|qcompile|qsave_program|quasi_quotation_syntax|quasi_quotation_syntax_error|radial_restraint|random_property|rational|read|read_clause|read_link|read_pending_codes|read_pending_chars|read_string|read_term|read_term_from_atom|read_term_with_history|recorda|recorded|recordz|redefine_system_predicate|reexport|reload_foreign_libraries|reload_library_index|rename_file|repeat|require|reset|reset_gensym|reset_profiler|resource|retract|retractall|same_file|same_term|see|seeing|seek|seen|select_dict|set_end_of_stream|set_flag|set_input|set_locale|set_malloc|set_module|set_output|set_prolog_IO|set_prolog_flag|set_prolog_gc_thread|set_prolog_stack|set_random|set_stream|set_stream_position|set_system_IO|setup_call_cleanup|setup_call_catcher_cleanup|setarg|setenv|setlocale|setof|shell|shift|shift_for_copy|show_profile|sig_atomic|sig_block|sig_pending|sig_remov|sig_unblock|size_abstract_term|size_file|size_nb_set|skip|sleep|snapshot|sort|source_exports|source_file|source_file_property|source_location|split_string|spy|stamp_date_time|statistics|stream_pair|stream_position_data|stream_property|string|string_bytes|string_concat|string_length|string_chars|string_codes|string_code|string_lower|string_upper|string_predicate|strip_module|style_check|sub_atom|sub_atom_icasechk|sub_string|subsumes_term|succ|swritef|tab|table|tabled_call|tdebug|tell|telling|term_expansion|term_singletons|term_string|term_subsumer|term_to_atom|thread_affinity|thread_alias|thread_at_exit|thread_create|thread_detach|thread_exit|thread_get_message|thread_idle|thread_initialization|thread_join|thread_local|thread_message_hook|thread_peek_message|thread_property|thread_self|thread_send_message|thread_property|thread_self|thread_send_message|thread_setconcurrency|thread_signal|thread_statistics|thread_update|thread_wait|threads|throw|time|time_file|tmp_file|tmp_file_stream|tnodebug|tnot|told|tprofile|trace|tracing|transaction|transaction_updates|trie_delete|trie_destroy|trie_gen|trie_gen_compiled|trie_insert|trie_lookup|trie_new|trie_property|trie_update|trie_term|trim_heap|trim_stacks|tripwire|true|tspy|tty_get_capability|tty_goto|tty_put|tty_size|ttyflush|undefined|undo|unify_with_occurs_check|unifiable|unknown|unload_file|unload_foreign_library|unsetenv|untable|upcase_atom|use_foreign_library|use_module|valid_string_goal|var|var_number|var_property|variant_sha1|variant_hash|version|visible|volatile|wait_for_input|when|wildcard_match|win_add_dll_directory|win_remove_dll_directory|win_exec|win_has_menu|win_folder|win_insert_menu|win_insert_menu_item|win_process_modules|win_shell|win_registry_get_value|win_get_user_preferred_ui_languages|win_window_color|win_window_pos|window_title|with_mutex|with_ouut_to|with_quasi_quotation_input|with_tty_raw|working_directory|write|writeln|write_canonical|write_length|write_term|writef|writeq)\(\s*[^)]*\s*\)</rule>
</doc>